<BackupInst xmlns="http://www.microsoft.com/GroupPolicy/GPOOperations/Manifest"><GPOGuid><![CDATA[{D7B96861-B440-4A2F-BA39-18668914A652}]]></GPOGuid><GPODomain><![CDATA[classroom.intranet]]></GPODomain><GPODomainGuid><![CDATA[{b27f2da8-01a0-4674-8c70-d55b5fbdce4b}]]></GPODomainGuid><GPODomainController><![CDATA[SRV0001.classroom.intranet]]></GPODomainController><BackupTime><![CDATA[2016-03-03T17:21:59]]></BackupTime><ID><![CDATA[{C798C128-9583-43FA-AD98-B0622903F68A}]]></ID><Comment><![CDATA[]]></Comment><GPODisplayName><![CDATA[Disable BITS]]></GPODisplayName></BackupInst>
